{
  "version": 1,
  "source": {
    "csv_file": "/home/heng/heng/G1/TWIST2/xdmocap/data/motionData_20260108210128.csv",
    "bvh_file": "/home/heng/heng/G1/TWIST2/xdmocap/data/motionData_20260108210128.bvh",
    "format": "nokov",
    "best_bvh_offset": 1,
    "pos_mode": "fixed_negx_zy"
  },
  "pos": {
    "units": "m",
    "apply_bvh_like_rotation": true,
    "s": 1.0,
    "R": [
      [
        -1.0,
        0.0,
        0.0
      ],
      [
        0.0,
        0.0,
        1.0
      ],
      [
        0.0,
        1.0,
        0.0
      ]
    ],
    "t": [
      0.0,
      0.0,
      0.0
    ]
  },
  "quat_fix": {
    "mode": "per_joint",
    "side": "right",
    "map_wxyz": {
      "Head": [
        -4.216839897708269e-06,
        2.972393531308626e-06,
        -0.7071038484573364,
        -0.7071097493171692
      ],
      "Hips": [
        2.96012490252906e-06,
        2.0052843865414616e-06,
        -0.707103967666626,
        -0.7071096301078796
      ],
      "LeftArm": [
        -5.32103649675264e-06,
        4.322796485212166e-06,
        -0.7071006894111633,
        -0.7071129083633423
      ],
      "LeftFoot": [
        6.212428047547291e-07,
        -7.009296041360358e-06,
        -0.7070992588996887,
        -0.7071143984794617
      ],
      "LeftForeArm": [
        -1.3325065083336085e-05,
        1.2087332379451254e-06,
        -0.7071005702018738,
        -0.7071130871772766
      ],
      "LeftHand": [
        -1.5237018487823661e-05,
        2.8281206141400617e-06,
        -0.7070982456207275,
        -0.7071152925491333
      ],
      "LeftLeg": [
        1.4874152611810132e-06,
        -1.636554202377738e-06,
        -0.707100510597229,
        -0.7071130871772766
      ],
      "LeftLowerArm": [
        -1.3325065083336085e-05,
        1.2087332379451254e-06,
        -0.7071005702018738,
        -0.7071130871772766
      ],
      "LeftLowerLeg": [
        1.4874152611810132e-06,
        -1.636554202377738e-06,
        -0.707100510597229,
        -0.7071130871772766
      ],
      "LeftShoulder": [
        -2.4656485493324e-06,
        1.1748155884561129e-05,
        -0.7071056962013245,
        -0.7071079015731812
      ],
      "LeftToe": [
        6.212428047547291e-07,
        -7.009296041360358e-06,
        -0.7070992588996887,
        -0.7071143984794617
      ],
      "LeftToeBase": [
        6.212428047547291e-07,
        -7.009296041360358e-06,
        -0.7070992588996887,
        -0.7071143984794617
      ],
      "LeftUpLeg": [
        2.7287642296869308e-06,
        -3.2926382118603215e-06,
        -0.7071025967597961,
        -0.7071109414100647
      ],
      "LeftUpperArm": [
        -5.32103649675264e-06,
        4.322796485212166e-06,
        -0.7071006894111633,
        -0.7071129083633423
      ],
      "LeftUpperLeg": [
        2.7287642296869308e-06,
        -3.2926382118603215e-06,
        -0.7071025967597961,
        -0.7071109414100647
      ],
      "Neck": [
        -4.688372428063303e-06,
        8.127397450152785e-06,
        -0.7071056365966797,
        -0.7071079611778259
      ],
      "RightArm": [
        -4.6394143282668665e-06,
        5.0277139962418e-07,
        -0.707109272480011,
        -0.7071042656898499
      ],
      "RightFoot": [
        2.7268927169643575e-06,
        8.018458174774423e-06,
        -0.7071021199226379,
        -0.7071114182472229
      ],
      "RightForeArm": [
        -4.4609892029257026e-06,
        2.5607680527173216e-06,
        -0.7071103453636169,
        -0.7071032524108887
      ],
      "RightHand": [
        -5.067801794211846e-06,
        -3.1420907475876447e-07,
        -0.7071102857589722,
        -0.7071033120155334
      ],
      "RightLeg": [
        1.8882052472690702e-06,
        3.540920033628936e-06,
        -0.7071017026901245,
        -0.7071119546890259
      ],
      "RightLowerArm": [
        -4.4609892029257026e-06,
        2.5607680527173216e-06,
        -0.7071103453636169,
        -0.7071032524108887
      ],
      "RightLowerLeg": [
        1.8882052472690702e-06,
        3.540920033628936e-06,
        -0.7071017026901245,
        -0.7071119546890259
      ],
      "RightShoulder": [
        -1.2462503491406096e-06,
        7.315086349990452e-06,
        -0.7071073651313782,
        -0.7071062326431274
      ],
      "RightToe": [
        2.7268927169643575e-06,
        8.018458174774423e-06,
        -0.7071021199226379,
        -0.7071114182472229
      ],
      "RightToeBase": [
        2.7268927169643575e-06,
        8.018458174774423e-06,
        -0.7071021199226379,
        -0.7071114182472229
      ],
      "RightUpLeg": [
        1.3312195790149417e-07,
        2.5930362426151987e-06,
        -0.7071034908294678,
        -0.7071101069450378
      ],
      "RightUpperArm": [
        -4.6394143282668665e-06,
        5.0277139962418e-07,
        -0.707109272480011,
        -0.7071042656898499
      ],
      "RightUpperLeg": [
        1.3312195790149417e-07,
        2.5930362426151987e-06,
        -0.7071034908294678,
        -0.7071101069450378
      ],
      "Spine": [
        -1.042748863255838e-06,
        3.822151484200731e-06,
        -0.7071026563644409,
        -0.7071109414100647
      ],
      "Spine1": [
        -1.84477153197804e-06,
        7.046105110930512e-06,
        -0.7071028351783752,
        -0.7071107029914856
      ],
      "Spine2": [
        -2.1262085283524357e-06,
        5.08557377543184e-06,
        -0.7071061730384827,
        -0.7071074843406677
      ],
      "Spine3": [
        -1.1121327361252042e-06,
        8.478240488329902e-06,
        -0.7071073651313782,
        -0.7071062326431274
      ]
    }
  },
  "notes": "Apply to CSV frames in order: pos.(s,R,t) (pos+quat) -> BVH_like_rotation (pos+quat) -> q'=q⊗q_fix_j. Recompute FootMod after quat fix for BODY IK stability."
}